,maid,longitude,latitude,horizontal_accuracy,city_hasc,postcode,Date,Hour,count,Y,Color
0,c38059c48f9284f7402e56b602cd7f7441425a24,129.18206,-2.95802,5.0,ID.MA.MT,97544.0,16-06-21,05:00:10,38,0.999,green
1,c38059c48f9284f7402e56b602cd7f7441425a24,129.18206,-2.95801,5.0,ID.MA.MT,97544.0,16-06-21,05:00:25,38,1.0,green
2,c4b84290951f9b705673694d5b73cc7130b9d539,129.928334,-2.982024,4.0,ID.MA.MT,97544.0,16-06-21,05:00:28,459,0.999,green
3,b30c424590e2fc79c63f78649dcdebc5638284c3,128.191901,-3.70678,3.0,ID.MA.AM,97129.0,16-06-21,05:00:33,8,1.0,green
4,c4b84290951f9b705673694d5b73cc7130b9d539,129.92834,-2.98204,7.0,ID.MA.MT,97544.0,16-06-21,05:00:36,459,0.999,green
5,c4b84290951f9b705673694d5b73cc7130b9d539,129.928334,-2.982024,8.0,ID.MA.MT,97544.0,16-06-21,05:00:42,459,1.0,green
6,c4b84290951f9b705673694d5b73cc7130b9d539,129.92833,-2.98203,7.0,ID.MA.MT,97544.0,16-06-21,05:00:46,459,0.999,green
7,b385ba7fbd1cd5ef8b7f3fa943bb0d3982ddc7c6,128.194223,-3.693693,7.0,ID.MA.AM,97121.0,16-06-21,05:01:23,88,0.999,green
8,943cfe63591a7abfa90421785d5f849f3b880424,128.178776,-3.711711,8.0,ID.MA.AM,97116.0,16-06-21,05:01:30,140,0.999,green
9,c4b84290951f9b705673694d5b73cc7130b9d539,129.928334,-2.982024,7.0,ID.MA.MT,97544.0,16-06-21,05:01:39,459,1.0,green
10,943cfe63591a7abfa90421785d5f849f3b880424,128.17877,-3.71171,8.0,ID.MA.AM,97116.0,16-06-21,05:01:45,140,0.999,green
11,8bb14a7b621ad4ea238c8dc5ab03b9380b94e8ee,128.181487,-3.695796,5.0,ID.MA.AM,97126.0,16-06-21,05:01:50,54,1.0,green
12,c4b84290951f9b705673694d5b73cc7130b9d539,129.92833,-2.98203,17.0,ID.MA.MT,97544.0,16-06-21,05:02:04,459,0.999,green
13,1651b9e6ed5050bfc33a482c5ee5180656e12814,128.22774,-3.675675,10.0,ID.MA.AM,97212.0,16-06-21,05:02:16,62,1.0,green
14,c4b84290951f9b705673694d5b73cc7130b9d539,129.92833,-2.98203,10.0,ID.MA.MT,97544.0,16-06-21,05:02:17,459,0.999,green
15,1651b9e6ed5050bfc33a482c5ee5180656e12814,128.22773,-3.67567,10.0,ID.MA.AM,97212.0,16-06-21,05:02:26,62,1.0,green
16,c4b84290951f9b705673694d5b73cc7130b9d539,129.92834,-2.98202,17.0,ID.MA.MT,97544.0,16-06-21,05:02:53,459,0.999,green
17,48dbdcf956beea5c20272cdaade931c3ca86d73a,128.926655,-3.343505,25.0,ID.MA.MT,97544.0,16-06-21,05:03:04,9,0.999,green
18,2c0408022749b0850fb8e9d8c90dba128b028727,128.191627,-3.675675,10.0,ID.MA.AM,97129.0,16-06-21,05:03:25,3,1.0,green
19,1ce177007e4b2cace68b71571a19ebe96d751316,128.936509,-3.315315,13.0,ID.MA.MT,97544.0,16-06-21,05:03:51,366,0.999,green
20,2c0408022749b0850fb8e9d8c90dba128b028727,128.191627,-3.675675,12.0,ID.MA.AM,97129.0,16-06-21,05:04:24,3,0.999,green
21,f11cf36ebaaf268aa057316215a0979e3cb17fd2,128.189044,-3.657657,20.0,ID.MA.AM,97223.0,16-06-21,05:04:24,396,1.0,green
22,2c0408022749b0850fb8e9d8c90dba128b028727,128.191627,-3.675675,7.0,ID.MA.AM,97129.0,16-06-21,05:04:27,3,0.999,green
23,c10ed41bb57df1f9d37963f5f1fe51efa4f84718,128.203906,-3.683735,13.0,ID.MA.AM,97128.0,16-06-21,05:04:53,188,0.999,green
24,cc799df4319f433800894d6b5cd7d57137451a7a,128.79006,-3.6937,8.0,ID.MA.MT,,16-06-21,05:05:18,334,1.0,green
25,cc799df4319f433800894d6b5cd7d57137451a7a,128.79005,-3.6937,8.0,ID.MA.MT,,16-06-21,05:05:28,334,0.999,green
26,5f31c82be151545ef453524e8501c5f158d1b061,128.202723,-3.63663,6.0,ID.MA.AM,97221.0,16-06-21,05:05:38,24,1.0,green
27,2853decab5448d54c62d1f74fd4af88ba1d58a5a,128.171585,-3.705927,11.0,ID.MA.AM,97115.0,16-06-21,05:06:00,1003,1.0,green
28,15b2ad170a728427d7934448d8f7d375d917f090,128.478136,-3.520378,14.0,ID.MA.MT,97545.0,16-06-21,05:06:28,264,1.0,green
29,2f913c8e5a14d0fef0bba8445ff25db5c165d5d2,128.213567,-3.688969,6.0,ID.MA.AM,97128.0,16-06-21,05:06:34,3,0.999,green
30,2f913c8e5a14d0fef0bba8445ff25db5c165d5d2,128.213567,-3.688969,2.0,ID.MA.AM,97128.0,16-06-21,05:06:50,3,1.0,green
31,15b2ad170a728427d7934448d8f7d375d917f090,128.47813,-3.520378,12.0,ID.MA.MT,97545.0,16-06-21,05:06:51,264,0.999,green
32,1ce177007e4b2cace68b71571a19ebe96d751316,128.936509,-3.315315,5.0,ID.MA.MT,97544.0,16-06-21,05:06:51,366,1.0,green
33,c10ed41bb57df1f9d37963f5f1fe51efa4f84718,128.203906,-3.683735,7.0,ID.MA.AM,97128.0,16-06-21,05:07:17,188,0.999,green
34,2853decab5448d54c62d1f74fd4af88ba1d58a5a,128.171585,-3.705927,13.0,ID.MA.AM,97115.0,16-06-21,05:07:21,1003,1.0,green
35,f11cf36ebaaf268aa057316215a0979e3cb17fd2,128.189044,-3.657657,7.0,ID.MA.AM,97223.0,16-06-21,05:07:24,396,0.999,green
36,c10ed41bb57df1f9d37963f5f1fe51efa4f84718,128.2039,-3.68374,24.0,ID.MA.AM,97128.0,16-06-21,05:07:28,188,1.0,green
37,ec3518ed3c5deeeef8c1349a18ae6c847876bfdc,128.19354,-3.64873,77.6,ID.MA.AM,97222.0,16-06-21,05:07:34,661,0.999,green
38,c10ed41bb57df1f9d37963f5f1fe51efa4f84718,128.2039,-3.683735,7.0,ID.MA.AM,97128.0,16-06-21,05:07:39,188,1.0,green
39,ec3518ed3c5deeeef8c1349a18ae6c847876bfdc,128.19352,-3.64874,77.6,ID.MA.AM,97222.0,16-06-21,05:07:43,661,0.999,green
40,c10ed41bb57df1f9d37963f5f1fe51efa4f84718,128.2039,-3.68373,7.0,ID.MA.AM,97128.0,16-06-21,05:07:49,188,1.0,green
41,c10ed41bb57df1f9d37963f5f1fe51efa4f84718,128.2039,-3.683735,11.0,ID.MA.AM,97128.0,16-06-21,05:08:15,188,0.999,green
42,c10ed41bb57df1f9d37963f5f1fe51efa4f84718,128.2039,-3.68373,11.0,ID.MA.AM,97128.0,16-06-21,05:08:20,188,1.0,green
43,15b2ad170a728427d7934448d8f7d375d917f090,128.478136,-3.520378,26.0,ID.MA.MT,97545.0,16-06-21,05:08:48,264,1.0,green
44,c07505b3c9a1a596105e95e5b0fb3c1971abbae2,128.251782,-3.625877,9.0,ID.MA.AM,97214.0,16-06-21,05:09:08,4,0.999,green
45,71f7f93402e56f5067da8f3622182dc46d2df17e,128.197564,-3.707197,38.0,ID.MA.AM,97129.0,16-06-21,05:09:16,1,1.0,green
46,7a26544b4a3557112478168c18e9f22401890bd5,128.2526,-3.62731,9.0,ID.MA.AM,97214.0,16-06-21,05:09:35,4,1.0,green
47,8bb14a7b621ad4ea238c8dc5ab03b9380b94e8ee,128.181826,-3.696011,13.0,ID.MA.AM,97126.0,16-06-21,05:09:37,54,0.999,green
48,1ce177007e4b2cace68b71571a19ebe96d751316,128.936509,-3.315315,17.0,ID.MA.MT,97544.0,16-06-21,05:09:52,366,0.999,green
49,f11cf36ebaaf268aa057316215a0979e3cb17fd2,128.189044,-3.657657,5.0,ID.MA.AM,97223.0,16-06-21,05:10:24,396,0.999,green
50,8bb14a7b621ad4ea238c8dc5ab03b9380b94e8ee,128.18182,-3.69602,15.0,ID.MA.AM,97126.0,16-06-21,05:10:39,54,1.0,green
51,c10ed41bb57df1f9d37963f5f1fe51efa4f84718,128.203906,-3.683735,10.0,ID.MA.AM,97128.0,16-06-21,05:11:20,188,1.0,green
52,2853decab5448d54c62d1f74fd4af88ba1d58a5a,128.171585,-3.705927,14.0,ID.MA.AM,97115.0,16-06-21,05:11:22,1003,0.999,green
53,f794ebbb72bbf92aa58afa3749b588c6039b851e,128.16072,-3.711711,9.0,ID.MA.AM,97117.0,16-06-21,05:12:38,51,0.999,green
54,7f893dbf9fd1bf6e628dcc715c562746be57574a,128.197565,-3.707193,3.0,ID.MA.AM,97129.0,16-06-21,05:12:42,2,1.0,green
55,2853decab5448d54c62d1f74fd4af88ba1d58a5a,128.171588,-3.705928,12.0,ID.MA.AM,97115.0,16-06-21,05:12:47,1003,0.999,green
56,f794ebbb72bbf92aa58afa3749b588c6039b851e,128.16071,-3.71173,9.0,ID.MA.AM,97117.0,16-06-21,05:12:48,51,1.0,green
57,1ce177007e4b2cace68b71571a19ebe96d751316,128.936509,-3.315315,4.0,ID.MA.MT,97544.0,16-06-21,05:12:51,366,0.999,green
58,9b0578677392f2dcda754b74ad9c20088890615b,128.178776,-3.711711,6.0,ID.MA.AM,97116.0,16-06-21,05:12:58,192,1.0,green
59,c10ed41bb57df1f9d37963f5f1fe51efa4f84718,128.203906,-3.683735,24.0,ID.MA.AM,97128.0,16-06-21,05:13:16,188,0.999,green
60,7e783cecc8e93ce77316e5448278f0b6a5b9c410,129.21916,-3.405405,9.0,,,16-06-21,05:13:18,10,1.0,green
61,f11cf36ebaaf268aa057316215a0979e3cb17fd2,128.189044,-3.657657,5.0,ID.MA.AM,97223.0,16-06-21,05:13:25,396,1.0,green
62,cc799df4319f433800894d6b5cd7d57137451a7a,128.790056,-3.693693,22.0,ID.MA.MT,,16-06-21,05:13:37,334,0.999,green
63,68782410e7116736cdf70f085095d9ff11a474a4,128.178776,-3.711711,7.0,ID.MA.AM,97116.0,16-06-21,05:13:38,112,1.0,green
64,8a922d47d9ad14634c6c9b675275a7b38d4861e0,128.420579,-3.433924,20.0,ID.MA.SB,97566.0,16-06-21,05:13:58,14,1.0,green
65,2853decab5448d54c62d1f74fd4af88ba1d58a5a,128.17159,-3.70592,10.0,ID.MA.AM,97115.0,16-06-21,05:14:07,1003,0.999,green
66,2853decab5448d54c62d1f74fd4af88ba1d58a5a,128.17158,-3.70593,7.0,ID.MA.AM,97115.0,16-06-21,05:14:14,1003,1.0,green
67,2853decab5448d54c62d1f74fd4af88ba1d58a5a,128.171588,-3.705928,16.0,ID.MA.AM,97115.0,16-06-21,05:14:20,1003,0.999,green
68,2853decab5448d54c62d1f74fd4af88ba1d58a5a,128.17158,-3.70593,10.0,ID.MA.AM,97115.0,16-06-21,05:14:57,1003,0.999,green
69,2853decab5448d54c62d1f74fd4af88ba1d58a5a,128.171588,-3.705928,17.0,ID.MA.AM,97115.0,16-06-21,05:15:03,1003,1.0,green
70,c9b89d8bd1d666047e32108d1cef3c3e55085a68,128.970263,-3.297297,6.0,ID.MA.MT,97544.0,16-06-21,05:15:06,254,0.999,green
71,b36e2e9c71da0f3fa63aea80bc508999e613314b,128.160603,-3.704265,17.0,ID.MA.AM,97117.0,16-06-21,05:15:16,7,1.0,green
72,1651b9e6ed5050bfc33a482c5ee5180656e12814,128.22773,-3.67567,10.0,ID.MA.AM,97212.0,16-06-21,05:16:13,62,1.0,green
73,7e783cecc8e93ce77316e5448278f0b6a5b9c410,129.21916,-3.405405,7.0,,,16-06-21,05:16:18,10,1.0,green
74,832edc36b39fe0f55a9e597d26da74a71cb8b56d,128.178776,-3.711711,16.0,ID.MA.AM,97116.0,16-06-21,05:16:23,53,0.999,green
76,f11cf36ebaaf268aa057316215a0979e3cb17fd2,128.189044,-3.657657,10.0,ID.MA.AM,97223.0,16-06-21,05:16:24,396,0.999,green
75,1651b9e6ed5050bfc33a482c5ee5180656e12814,128.22774,-3.675675,10.0,ID.MA.AM,97212.0,16-06-21,05:16:24,62,1.0,green
77,7e783cecc8e93ce77316e5448278f0b6a5b9c410,129.21915,-3.40542,7.0,,,16-06-21,05:16:28,10,1.0,green
78,fb0ac35ecc89025503efbf037a5f0f500bd6c132,128.3561,-3.331254,5.0,ID.MA.SB,97566.0,16-06-21,05:16:34,2,1.0,green
79,fb0ac35ecc89025503efbf037a5f0f500bd6c132,128.356097,-3.331254,6.0,ID.MA.SB,97566.0,16-06-21,05:16:37,2,0.999,green
80,12175f940f826b2e6cd12bef5d5b08229dd30309,128.19251,-3.682327,7.0,ID.MA.AM,97128.0,16-06-21,05:17:04,255,1.0,green
81,7c868a9f7d8e5a3a03fb2c77959360e58e845b42,128.424569,-3.550663,9.0,ID.MA.MT,97545.0,16-06-21,05:17:18,35,1.0,green
82,ec3518ed3c5deeeef8c1349a18ae6c847876bfdc,128.19348,-3.64882,77.6,ID.MA.AM,97222.0,16-06-21,05:17:34,661,0.999,green
83,ec3518ed3c5deeeef8c1349a18ae6c847876bfdc,128.19347,-3.64881,77.6,ID.MA.AM,97222.0,16-06-21,05:17:43,661,1.0,green
84,c9b89d8bd1d666047e32108d1cef3c3e55085a68,128.970263,-3.297297,13.0,ID.MA.MT,97544.0,16-06-21,05:18:08,254,0.999,green
85,e8344a4ad95bd80d8aa84cfdfeb95e8a07208a98,128.16071,-3.71171,15.0,ID.MA.AM,97117.0,16-06-21,05:18:34,7,1.0,green
86,e8344a4ad95bd80d8aa84cfdfeb95e8a07208a98,128.16072,-3.71172,15.0,ID.MA.AM,97117.0,16-06-21,05:18:43,7,0.999,green
87,015b6494ac4367afd034693fbb741f7fcbf4e71e,128.170368,-3.704321,5.0,ID.MA.AM,97115.0,16-06-21,05:18:44,3773,1.0,green
88,15b2ad170a728427d7934448d8f7d375d917f090,128.478136,-3.520378,13.0,ID.MA.MT,97545.0,16-06-21,05:18:59,264,0.999,green
89,2d0092c9ca3754614bd257ebfe1fe7c5e753fbcc,128.305391,-3.625151,15.0,ID.MA.MT,97544.0,16-06-21,05:19:17,15,0.999,green
90,7e783cecc8e93ce77316e5448278f0b6a5b9c410,129.21916,-3.405405,10.0,,,16-06-21,05:19:19,10,1.0,green
91,2853decab5448d54c62d1f74fd4af88ba1d58a5a,128.171588,-3.705928,5.0,ID.MA.AM,97115.0,16-06-21,05:19:27,1003,0.999,green
92,33158b19ea3a831b30edd64ee84c2dcc124f9131,128.285659,-3.622837,10.0,ID.MA.MT,97544.0,16-06-21,05:19:29,390,1.0,green
93,68782410e7116736cdf70f085095d9ff11a474a4,128.178776,-3.711711,9.0,ID.MA.AM,97116.0,16-06-21,05:19:44,112,0.999,green
94,15b2ad170a728427d7934448d8f7d375d917f090,128.478136,-3.520378,9.0,ID.MA.MT,97545.0,16-06-21,05:20:25,264,1.0,green
95,c9b89d8bd1d666047e32108d1cef3c3e55085a68,128.970263,-3.297297,4.0,ID.MA.MT,97544.0,16-06-21,05:21:06,254,1.0,green
96,2853decab5448d54c62d1f74fd4af88ba1d58a5a,128.171588,-3.705928,14.0,ID.MA.AM,97115.0,16-06-21,05:21:48,1003,1.0,green
97,64b644b16d61887a879bab5b33a12c4c6ab6e27f,128.178776,-3.711711,25.0,ID.MA.AM,97116.0,16-06-21,05:22:16,93,0.999,green
98,7e783cecc8e93ce77316e5448278f0b6a5b9c410,129.219162,-3.405405,11.0,,,16-06-21,05:22:19,10,0.999,green
99,f11cf36ebaaf268aa057316215a0979e3cb17fd2,128.189044,-3.657657,7.0,ID.MA.AM,97223.0,16-06-21,05:22:25,396,1.0,green
100,64b644b16d61887a879bab5b33a12c4c6ab6e27f,128.17877,-3.71171,25.0,ID.MA.AM,97116.0,16-06-21,05:22:26,93,0.999,green
101,68782410e7116736cdf70f085095d9ff11a474a4,128.17877,-3.71173,10.0,ID.MA.AM,97116.0,16-06-21,05:22:33,112,1.0,green
102,c9b27f1157a3939a2a848ff848c1c929d10b02a2,128.230758,-3.652148,7.0,ID.MA.AM,97212.0,16-06-21,05:22:34,1068,0.999,green
103,2853decab5448d54c62d1f74fd4af88ba1d58a5a,128.17158,-3.70593,12.0,ID.MA.AM,97115.0,16-06-21,05:22:43,1003,1.0,green
104,68782410e7116736cdf70f085095d9ff11a474a4,128.178776,-3.711711,10.0,ID.MA.AM,97116.0,16-06-21,05:22:44,112,0.999,green
105,1231a30ff1c5450775f62e7474e353f1356e630c,128.278247,-3.613086,8.0,ID.MA.MT,97544.0,16-06-21,05:23:39,19,0.999,green
106,b7ad5c0ec6df0c2628340e78ffed4fcc87febe85,129.103672,-3.351351,7.0,ID.MA.MT,97544.0,16-06-21,05:23:41,72,1.0,green
107,ec3518ed3c5deeeef8c1349a18ae6c847876bfdc,128.19353,-3.64876,45.6,ID.MA.AM,97222.0,16-06-21,05:23:44,661,0.999,green
108,c9b27f1157a3939a2a848ff848c1c929d10b02a2,128.230758,-3.652148,9.0,ID.MA.AM,97212.0,16-06-21,05:23:49,1068,1.0,green
109,194649e8ea53e25d961fd89b5b466e78c0dc7b27,128.194223,-3.693693,5.0,ID.MA.AM,97121.0,16-06-21,05:24:58,239,0.999,green
110,c10ed41bb57df1f9d37963f5f1fe51efa4f84718,128.20388,-3.68373,14.0,ID.MA.AM,97128.0,16-06-21,05:25:04,188,1.0,green
111,5c8215c42bf7e1218917e9be715bd012d6cdaccb,128.17532,-3.70587,11.0,ID.MA.AM,97116.0,16-06-21,05:25:12,24,0.999,green
112,64b644b16d61887a879bab5b33a12c4c6ab6e27f,128.178776,-3.711711,11.0,ID.MA.AM,97116.0,16-06-21,05:25:16,93,1.0,green
114,c38059c48f9284f7402e56b602cd7f7441425a24,129.181834,-2.957533,9.0,ID.MA.MT,97544.0,16-06-21,05:25:18,38,1.0,green
113,7e783cecc8e93ce77316e5448278f0b6a5b9c410,129.219162,-3.405405,19.0,,,16-06-21,05:25:18,10,0.999,green
115,c38059c48f9284f7402e56b602cd7f7441425a24,129.181834,-2.957533,9.0,ID.MA.MT,97544.0,16-06-21,05:25:19,38,0.999,green
116,5c8215c42bf7e1218917e9be715bd012d6cdaccb,128.175317,-3.705871,11.0,ID.MA.AM,97116.0,16-06-21,05:25:21,24,1.0,green
117,8f9fff80cf9f9df1f01675fbbbb843d7c6ccd5c3,128.293301,-3.62026,12.0,ID.MA.MT,97544.0,16-06-21,05:25:26,314,1.0,green
118,f11cf36ebaaf268aa057316215a0979e3cb17fd2,128.189044,-3.657657,2.0,ID.MA.AM,97223.0,16-06-21,05:25:27,396,0.999,green
119,7e783cecc8e93ce77316e5448278f0b6a5b9c410,129.21915,-3.40541,19.0,,,16-06-21,05:25:28,10,0.999,green
120,c38059c48f9284f7402e56b602cd7f7441425a24,129.18183,-2.95754,7.0,ID.MA.MT,97544.0,16-06-21,05:25:29,38,1.0,green
121,c38059c48f9284f7402e56b602cd7f7441425a24,129.181834,-2.957533,9.0,ID.MA.MT,97544.0,16-06-21,05:25:31,38,0.999,green
122,c38059c48f9284f7402e56b602cd7f7441425a24,129.181834,-2.957533,4.0,ID.MA.MT,97544.0,16-06-21,05:25:39,38,0.999,green
123,68782410e7116736cdf70f085095d9ff11a474a4,128.178776,-3.711711,9.0,ID.MA.AM,97116.0,16-06-21,05:25:44,112,1.0,green
124,8767f2ca6065c25f8234e62f743486da81649b90,128.926331,-3.339581,15.0,ID.MA.MT,97544.0,16-06-21,05:25:51,1,0.999,green
125,c10ed41bb57df1f9d37963f5f1fe51efa4f84718,128.20388,-3.68374,14.0,ID.MA.AM,97128.0,16-06-21,05:25:53,188,1.0,green
126,7f893dbf9fd1bf6e628dcc715c562746be57574a,128.197566,-3.707196,16.0,ID.MA.AM,97129.0,16-06-21,05:25:54,2,0.999,green
127,c10ed41bb57df1f9d37963f5f1fe51efa4f84718,128.20389,-3.683736,14.0,ID.MA.AM,97128.0,16-06-21,05:25:58,188,1.0,green
128,8e1d595fd7503a2ca766e06a71a13c9ad4ac43ba,128.971178,-3.286917,6.0,ID.MA.MT,97544.0,16-06-21,05:26:13,8,0.999,green
129,0531f7678484aaa04a77829e611ebba15a7e1b89,128.19206,-3.68067,13.0,ID.MA.AM,97128.0,16-06-21,05:26:34,62,1.0,green
130,9579f524973ef7d27979bff0dcab56615c808dcc,128.18646,-3.699171,6.0,ID.MA.AM,97125.0,16-06-21,05:26:35,1,0.999,green
131,18126344b29350c9e27837fd227e1d4556e0f0c0,129.493955,-2.795609,4.0,ID.MA.MT,97544.0,16-06-21,05:26:39,3,1.0,green
132,b7ad5c0ec6df0c2628340e78ffed4fcc87febe85,129.103672,-3.351351,19.0,ID.MA.MT,97544.0,16-06-21,05:26:40,72,0.999,green
133,ff434889f84f9a46679b186a7f0b7da473ce0314,128.155886,-3.707321,6.0,ID.MA.AM,97117.0,16-06-21,05:26:43,55,1.0,green
134,8bb14a7b621ad4ea238c8dc5ab03b9380b94e8ee,128.181677,-3.695892,5.0,ID.MA.AM,97126.0,16-06-21,05:26:44,54,0.999,green
135,8f9fff80cf9f9df1f01675fbbbb843d7c6ccd5c3,128.293301,-3.62026,19.0,ID.MA.MT,97544.0,16-06-21,05:26:45,314,1.0,green
136,c9b27f1157a3939a2a848ff848c1c929d10b02a2,128.230758,-3.652148,3.0,ID.MA.AM,97212.0,16-06-21,05:26:49,1068,0.999,green
137,c9b27f1157a3939a2a848ff848c1c929d10b02a2,128.230758,-3.652148,6.0,ID.MA.AM,97212.0,16-06-21,05:26:58,1068,1.0,green
138,c38059c48f9284f7402e56b602cd7f7441425a24,129.18183,-2.95754,13.0,ID.MA.MT,97544.0,16-06-21,05:27:03,38,0.999,green
139,c9b89d8bd1d666047e32108d1cef3c3e55085a68,128.970263,-3.297297,12.0,ID.MA.MT,97544.0,16-06-21,05:27:07,254,0.999,green
140,8f9fff80cf9f9df1f01675fbbbb843d7c6ccd5c3,128.2933,-3.62026,11.0,ID.MA.MT,97544.0,16-06-21,05:27:09,314,1.0,green
141,e791b4d21f275a4798523d1d1cf4bd677389989c,128.181398,-3.729729,7.0,ID.MA.AM,97116.0,16-06-21,05:27:12,161,0.999,green
142,1b621786b02b922fbc00d7e6a97a0b0c6dcbd149,128.230334,-3.693693,9.0,ID.MA.AM,97129.0,16-06-21,05:27:18,154,1.0,green
143,ff434889f84f9a46679b186a7f0b7da473ce0314,128.155886,-3.707321,6.0,ID.MA.AM,97117.0,16-06-21,05:27:20,55,0.999,green
144,c9b27f1157a3939a2a848ff848c1c929d10b02a2,128.230758,-3.652148,7.0,ID.MA.AM,97212.0,16-06-21,05:27:21,1068,1.0,green
145,8f9fff80cf9f9df1f01675fbbbb843d7c6ccd5c3,128.293301,-3.62026,5.0,ID.MA.MT,97544.0,16-06-21,05:28:14,314,0.999,green
146,7e783cecc8e93ce77316e5448278f0b6a5b9c410,129.219162,-3.405405,8.0,,,16-06-21,05:28:18,10,0.999,green
147,f11cf36ebaaf268aa057316215a0979e3cb17fd2,128.189044,-3.657657,8.0,ID.MA.AM,97223.0,16-06-21,05:28:25,396,1.0,green
148,7e783cecc8e93ce77316e5448278f0b6a5b9c410,129.21915,-3.40542,10.0,,,16-06-21,05:28:28,10,0.999,green
149,c9b27f1157a3939a2a848ff848c1c929d10b02a2,128.230758,-3.652148,8.0,ID.MA.AM,97212.0,16-06-21,05:28:34,1068,1.0,green
150,8f9fff80cf9f9df1f01675fbbbb843d7c6ccd5c3,128.293301,-3.62026,11.0,ID.MA.MT,97544.0,16-06-21,05:28:36,314,0.999,green
151,c38059c48f9284f7402e56b602cd7f7441425a24,129.181834,-2.957533,9.0,ID.MA.MT,97544.0,16-06-21,05:28:38,38,1.0,green
152,68782410e7116736cdf70f085095d9ff11a474a4,128.178776,-3.711711,5.0,ID.MA.AM,97116.0,16-06-21,05:28:45,112,0.999,green
153,ff434889f84f9a46679b186a7f0b7da473ce0314,128.155886,-3.707321,10.0,ID.MA.AM,97117.0,16-06-21,05:28:51,55,1.0,green
154,c9b27f1157a3939a2a848ff848c1c929d10b02a2,128.230758,-3.652148,8.0,ID.MA.AM,97212.0,16-06-21,05:29:12,1068,1.0,green
155,2853decab5448d54c62d1f74fd4af88ba1d58a5a,128.17158,-3.70593,19.0,ID.MA.AM,97115.0,16-06-21,05:29:17,1003,0.999,green
156,2853decab5448d54c62d1f74fd4af88ba1d58a5a,128.17159,-3.70594,19.0,ID.MA.AM,97115.0,16-06-21,05:29:27,1003,1.0,green
157,b7ad5c0ec6df0c2628340e78ffed4fcc87febe85,129.10367,-3.35136,5.0,ID.MA.MT,97544.0,16-06-21,05:29:40,72,0.999,green
158,7c868a9f7d8e5a3a03fb2c77959360e58e845b42,128.424569,-3.550663,6.0,ID.MA.MT,97545.0,16-06-21,05:29:45,35,1.0,green
159,6735ebe4ee153a008d94e65be0953bcbd3b4ad79,128.161012,-3.706674,7.0,ID.MA.AM,97117.0,16-06-21,05:29:47,1,0.999,green
160,655139e1005828f1615de97f296019f9b0067975,128.221002,-3.682218,13.0,ID.MA.AM,97128.0,16-06-21,05:29:56,463,1.0,green
161,c38059c48f9284f7402e56b602cd7f7441425a24,129.181834,-2.957533,4.0,ID.MA.MT,97544.0,16-06-21,05:29:59,38,0.999,green
162,c9b27f1157a3939a2a848ff848c1c929d10b02a2,128.230758,-3.652148,6.0,ID.MA.AM,97212.0,16-06-21,05:30:00,1068,1.0,green
163,c9b89d8bd1d666047e32108d1cef3c3e55085a68,128.97026,-3.2973,15.0,ID.MA.MT,97544.0,16-06-21,05:30:07,254,1.0,green
164,e791b4d21f275a4798523d1d1cf4bd677389989c,128.181398,-3.729729,7.0,ID.MA.AM,97116.0,16-06-21,05:30:08,161,0.999,green
165,6dd0a5f3c8f10fd39453481dc70d0e53de4c55d2,128.22445,-3.65433,8.0,ID.MA.AM,,16-06-21,05:30:10,6,1.0,green
166,6dd0a5f3c8f10fd39453481dc70d0e53de4c55d2,128.22445,-3.65433,7.0,ID.MA.AM,,16-06-21,05:30:11,6,0.999,green
167,6dd0a5f3c8f10fd39453481dc70d0e53de4c55d2,128.22444,-3.65432,8.0,ID.MA.AM,,16-06-21,05:30:25,6,0.999,green
168,fdbe3e7bfb5520bab7840126c1285fb9f04adc39,128.19468,-3.68688,6.0,ID.MA.AM,97122.0,16-06-21,05:30:30,35,1.0,green
169,fdbe3e7bfb5520bab7840126c1285fb9f04adc39,128.19469,-3.68687,6.0,ID.MA.AM,97122.0,16-06-21,05:30:45,35,0.999,green
170,c9b27f1157a3939a2a848ff848c1c929d10b02a2,128.230758,-3.652148,6.0,ID.MA.AM,97212.0,16-06-21,05:30:50,1068,1.0,green
171,e791b4d21f275a4798523d1d1cf4bd677389989c,128.1814,-3.72974,7.0,ID.MA.AM,97116.0,16-06-21,05:30:58,161,1.0,green
172,c38059c48f9284f7402e56b602cd7f7441425a24,129.18183,-2.95754,10.0,ID.MA.MT,97544.0,16-06-21,05:31:07,38,0.999,green
173,d846d0da07ac00528d4508bc16efd249b3efbea9,128.17615,-3.6937,6.0,ID.MA.AM,,16-06-21,05:31:15,104,1.0,green
174,1231a30ff1c5450775f62e7474e353f1356e630c,128.27824,-3.613086,5.0,ID.MA.MT,97544.0,16-06-21,05:31:19,19,0.999,green
175,d846d0da07ac00528d4508bc16efd249b3efbea9,128.176168,-3.693693,6.0,ID.MA.AM,,16-06-21,05:31:20,104,1.0,green
176,2276974089d91fe04c7cfd0d0af2594ae63ee482,128.19764,-3.67065,6.0,ID.MA.AM,97128.0,16-06-21,05:31:24,154,0.999,green
177,f11cf36ebaaf268aa057316215a0979e3cb17fd2,128.18904,-3.657657,11.0,ID.MA.AM,97223.0,16-06-21,05:31:26,396,1.0,green
178,2853decab5448d54c62d1f74fd4af88ba1d58a5a,128.171585,-3.705927,9.0,ID.MA.AM,97115.0,16-06-21,05:31:30,1003,0.999,green
179,c38059c48f9284f7402e56b602cd7f7441425a24,129.181834,-2.957533,10.0,ID.MA.MT,97544.0,16-06-21,05:31:30,38,1.0,green
180,c38059c48f9284f7402e56b602cd7f7441425a24,129.181834,-2.957533,25.0,ID.MA.MT,97544.0,16-06-21,05:31:31,38,0.999,green
181,d846d0da07ac00528d4508bc16efd249b3efbea9,128.17616,-3.693693,8.0,ID.MA.AM,,16-06-21,05:31:39,104,1.0,green
182,fcc44e5505f49173f9f00a5c3115df50eeaed8f9,129.045187,-2.991223,6.0,ID.MA.MT,97544.0,16-06-21,05:32:08,1,0.999,green
183,68782410e7116736cdf70f085095d9ff11a474a4,128.178776,-3.711711,14.0,ID.MA.AM,97116.0,16-06-21,05:32:08,112,1.0,green
184,15b2ad170a728427d7934448d8f7d375d917f090,128.48187,-3.520146,14.0,ID.MA.MT,97545.0,16-06-21,05:32:28,264,0.999,green
185,d846d0da07ac00528d4508bc16efd249b3efbea9,128.176168,-3.693693,11.0,ID.MA.AM,,16-06-21,05:32:35,104,1.0,green
186,cc799df4319f433800894d6b5cd7d57137451a7a,128.790056,-3.693693,13.0,ID.MA.MT,,16-06-21,05:32:48,334,0.999,green
187,2853decab5448d54c62d1f74fd4af88ba1d58a5a,128.171585,-3.705927,7.0,ID.MA.AM,97115.0,16-06-21,05:32:59,1003,1.0,green
188,c9b89d8bd1d666047e32108d1cef3c3e55085a68,128.970263,-3.297297,12.0,ID.MA.MT,97544.0,16-06-21,05:33:06,254,0.999,green
189,d846d0da07ac00528d4508bc16efd249b3efbea9,128.176168,-3.693693,11.0,ID.MA.AM,,16-06-21,05:33:31,104,1.0,green
190,f794ebbb72bbf92aa58afa3749b588c6039b851e,128.16072,-3.711711,5.0,ID.MA.AM,97117.0,16-06-21,05:33:37,51,0.999,green
191,c9b27f1157a3939a2a848ff848c1c929d10b02a2,128.23073,-3.65216,2.0,ID.MA.AM,97212.0,16-06-21,05:33:38,1068,1.0,green
192,e791b4d21f275a4798523d1d1cf4bd677389989c,128.181398,-3.729729,11.0,ID.MA.AM,97116.0,16-06-21,05:33:41,161,0.999,green
193,c9b27f1157a3939a2a848ff848c1c929d10b02a2,128.23076,-3.652148,2.0,ID.MA.AM,97212.0,16-06-21,05:33:48,1068,1.0,green
194,f794ebbb72bbf92aa58afa3749b588c6039b851e,128.16072,-3.711711,6.0,ID.MA.AM,97117.0,16-06-21,05:34:07,51,0.999,green
195,15b2ad170a728427d7934448d8f7d375d917f090,128.48187,-3.520146,10.0,ID.MA.MT,97545.0,16-06-21,05:34:20,264,1.0,green
196,15b2ad170a728427d7934448d8f7d375d917f090,128.48187,-3.520146,23.0,ID.MA.MT,97545.0,16-06-21,05:34:22,264,0.999,green
197,d846d0da07ac00528d4508bc16efd249b3efbea9,128.176168,-3.693693,5.0,ID.MA.AM,,16-06-21,05:34:23,104,1.0,green
198,598583ab72a5c2732f01da63aabaa981b1d5330b,128.121586,-3.77877,4.0,ID.MA.AM,97118.0,16-06-21,05:34:26,13,0.999,green
199,f11cf36ebaaf268aa057316215a0979e3cb17fd2,128.189044,-3.657657,20.0,ID.MA.AM,97223.0,16-06-21,05:34:26,396,1.0,green
200,2853decab5448d54c62d1f74fd4af88ba1d58a5a,128.171592,-3.70593,5.0,ID.MA.AM,97115.0,16-06-21,05:34:27,1003,0.999,green
201,8f9fff80cf9f9df1f01675fbbbb843d7c6ccd5c3,128.293301,-3.62026,5.0,ID.MA.MT,97544.0,16-06-21,05:34:29,314,1.0,green
203,2276974089d91fe04c7cfd0d0af2594ae63ee482,128.180681,-3.69301,6.0,ID.MA.AM,97126.0,16-06-21,05:34:32,154,1.0,green
202,d846d0da07ac00528d4508bc16efd249b3efbea9,128.17615,-3.6937,18.0,ID.MA.AM,,16-06-21,05:34:32,104,0.999,green
204,598583ab72a5c2732f01da63aabaa981b1d5330b,128.121586,-3.77877,9.0,ID.MA.AM,97118.0,16-06-21,05:34:39,13,0.999,green
205,d846d0da07ac00528d4508bc16efd249b3efbea9,128.176168,-3.693693,18.0,ID.MA.AM,,16-06-21,05:34:41,104,1.0,green
206,ec3518ed3c5deeeef8c1349a18ae6c847876bfdc,128.19351,-3.64876,52.4,ID.MA.AM,97222.0,16-06-21,05:34:52,661,0.999,green
207,8f9fff80cf9f9df1f01675fbbbb843d7c6ccd5c3,128.2933,-3.62026,10.0,ID.MA.MT,97544.0,16-06-21,05:34:54,314,1.0,green
208,1231a30ff1c5450775f62e7474e353f1356e630c,128.278247,-3.613087,17.0,ID.MA.MT,97544.0,16-06-21,05:34:56,19,0.999,green
209,c9b27f1157a3939a2a848ff848c1c929d10b02a2,128.230758,-3.652148,15.0,ID.MA.AM,97212.0,16-06-21,05:35:14,1068,1.0,green
210,c9b27f1157a3939a2a848ff848c1c929d10b02a2,128.230758,-3.652148,8.0,ID.MA.AM,97212.0,16-06-21,05:35:15,1068,0.999,green
211,c9b27f1157a3939a2a848ff848c1c929d10b02a2,128.230758,-3.652148,17.0,ID.MA.AM,97212.0,16-06-21,05:35:19,1068,1.0,green
212,c9b27f1157a3939a2a848ff848c1c929d10b02a2,128.230758,-3.652148,3.0,ID.MA.AM,97212.0,16-06-21,05:35:21,1068,0.999,green
213,8f9fff80cf9f9df1f01675fbbbb843d7c6ccd5c3,128.293811,-3.619915,7.0,ID.MA.MT,97544.0,16-06-21,05:35:31,314,0.999,green
214,c9b27f1157a3939a2a848ff848c1c929d10b02a2,128.230758,-3.652148,2.0,ID.MA.AM,97212.0,16-06-21,05:35:40,1068,1.0,green
215,8f9fff80cf9f9df1f01675fbbbb843d7c6ccd5c3,128.293811,-3.619915,11.0,ID.MA.MT,97544.0,16-06-21,05:35:45,314,0.999,green
216,2853decab5448d54c62d1f74fd4af88ba1d58a5a,128.171592,-3.70593,6.0,ID.MA.AM,97115.0,16-06-21,05:35:52,1003,1.0,green
217,06f512c297e16e81dd161979ac09545df0afeb34,128.194223,-3.693693,7.0,ID.MA.AM,97121.0,16-06-21,05:35:55,28,0.999,green
218,15b2ad170a728427d7934448d8f7d375d917f090,128.48187,-3.520146,37.0,ID.MA.MT,97545.0,16-06-21,05:36:01,264,1.0,green
219,c9b89d8bd1d666047e32108d1cef3c3e55085a68,128.970263,-3.297297,6.0,ID.MA.MT,97544.0,16-06-21,05:36:06,254,0.999,green
220,95f4772c31f979f8558ae9fb1b7a3868388e00ce,128.22048,-3.69198,7.0,ID.MA.AM,97128.0,16-06-21,05:36:12,27,1.0,green
221,c9b27f1157a3939a2a848ff848c1c929d10b02a2,128.23075,-3.65214,4.0,ID.MA.AM,97212.0,16-06-21,05:36:13,1068,0.999,green
222,95f4772c31f979f8558ae9fb1b7a3868388e00ce,128.220479,-3.691964,7.0,ID.MA.AM,97128.0,16-06-21,05:36:21,27,1.0,green
223,c9b27f1157a3939a2a848ff848c1c929d10b02a2,128.230758,-3.652148,4.0,ID.MA.AM,97212.0,16-06-21,05:36:24,1068,0.999,green
224,d846d0da07ac00528d4508bc16efd249b3efbea9,128.176168,-3.693693,7.0,ID.MA.AM,,16-06-21,05:36:30,104,1.0,green
225,e791b4d21f275a4798523d1d1cf4bd677389989c,128.1814,-3.72972,12.0,ID.MA.AM,97116.0,16-06-21,05:36:31,161,0.999,green
226,2853decab5448d54c62d1f74fd4af88ba1d58a5a,128.171592,-3.70593,8.0,ID.MA.AM,97115.0,16-06-21,05:36:37,1003,1.0,green
227,e791b4d21f275a4798523d1d1cf4bd677389989c,128.181398,-3.729729,12.0,ID.MA.AM,97116.0,16-06-21,05:36:42,161,0.999,green
229,95f4772c31f979f8558ae9fb1b7a3868388e00ce,128.22047,-3.691964,15.0,ID.MA.AM,97128.0,16-06-21,05:36:43,27,0.999,green
228,2853decab5448d54c62d1f74fd4af88ba1d58a5a,128.17159,-3.70593,20.0,ID.MA.AM,97115.0,16-06-21,05:36:43,1003,1.0,green
230,8bb14a7b621ad4ea238c8dc5ab03b9380b94e8ee,128.181582,-3.69588,5.0,ID.MA.AM,97126.0,16-06-21,05:36:55,54,1.0,green
231,d846d0da07ac00528d4508bc16efd249b3efbea9,128.176168,-3.693693,7.0,ID.MA.AM,,16-06-21,05:37:07,104,0.999,green
232,c23d22710dcb7e26b69ffb274eb9609503007902,128.190567,-3.716678,24.0,ID.MA.AM,97129.0,16-06-21,05:37:11,2,1.0,green
233,c9b27f1157a3939a2a848ff848c1c929d10b02a2,128.230758,-3.652148,22.0,ID.MA.AM,97212.0,16-06-21,05:37:13,1068,0.999,green
234,15b2ad170a728427d7934448d8f7d375d917f090,128.48187,-3.520146,7.0,ID.MA.MT,97545.0,16-06-21,05:37:35,264,1.0,green
235,95f4772c31f979f8558ae9fb1b7a3868388e00ce,128.220479,-3.691964,13.0,ID.MA.AM,97128.0,16-06-21,05:37:37,27,0.999,green
236,68782410e7116736cdf70f085095d9ff11a474a4,128.178776,-3.711711,12.0,ID.MA.AM,97116.0,16-06-21,05:38:18,112,0.999,green
237,1231a30ff1c5450775f62e7474e353f1356e630c,128.278247,-3.613087,11.0,ID.MA.MT,97544.0,16-06-21,05:38:19,19,1.0,green
238,e8344a4ad95bd80d8aa84cfdfeb95e8a07208a98,128.16072,-3.711711,7.0,ID.MA.AM,97117.0,16-06-21,05:38:23,7,0.999,green
239,95f4772c31f979f8558ae9fb1b7a3868388e00ce,128.220479,-3.691964,3.0,ID.MA.AM,97128.0,16-06-21,05:38:28,27,1.0,green
240,6526d0591973f008b9ae4ca2f6b09aadd24f7f13,128.191898,-3.650275,5.0,ID.MA.AM,97222.0,16-06-21,05:38:35,3,0.999,green
241,8f9fff80cf9f9df1f01675fbbbb843d7c6ccd5c3,128.29381,-3.61992,4.0,ID.MA.MT,97544.0,16-06-21,05:38:50,314,0.999,green
242,1231a30ff1c5450775f62e7474e353f1356e630c,128.278247,-3.613087,8.0,ID.MA.MT,97544.0,16-06-21,05:38:56,19,1.0,green
243,95f4772c31f979f8558ae9fb1b7a3868388e00ce,128.220479,-3.691964,6.0,ID.MA.AM,97128.0,16-06-21,05:38:58,27,0.999,green
244,c9b89d8bd1d666047e32108d1cef3c3e55085a68,128.970263,-3.297297,10.0,ID.MA.MT,97544.0,16-06-21,05:39:07,254,1.0,green
245,2853decab5448d54c62d1f74fd4af88ba1d58a5a,128.17159,-3.70594,10.0,ID.MA.AM,97115.0,16-06-21,05:39:08,1003,0.999,green
246,8f9fff80cf9f9df1f01675fbbbb843d7c6ccd5c3,128.293811,-3.619915,16.0,ID.MA.MT,97544.0,16-06-21,05:39:14,314,1.0,green
247,2853decab5448d54c62d1f74fd4af88ba1d58a5a,128.17159,-3.70593,12.0,ID.MA.AM,97115.0,16-06-21,05:39:16,1003,0.999,green
248,8f9fff80cf9f9df1f01675fbbbb843d7c6ccd5c3,128.293811,-3.619915,17.0,ID.MA.MT,97544.0,16-06-21,05:39:17,314,1.0,green
249,c9b27f1157a3939a2a848ff848c1c929d10b02a2,128.230758,-3.652148,8.0,ID.MA.AM,97212.0,16-06-21,05:39:18,1068,0.999,green
250,95f4772c31f979f8558ae9fb1b7a3868388e00ce,128.220479,-3.691964,3.0,ID.MA.AM,97128.0,16-06-21,05:39:22,27,1.0,green
251,2853decab5448d54c62d1f74fd4af88ba1d58a5a,128.17159,-3.70594,12.0,ID.MA.AM,97115.0,16-06-21,05:39:26,1003,0.999,green
252,c9b27f1157a3939a2a848ff848c1c929d10b02a2,128.230758,-3.652148,23.0,ID.MA.AM,97212.0,16-06-21,05:39:30,1068,1.0,green
253,95f4772c31f979f8558ae9fb1b7a3868388e00ce,128.220479,-3.691964,5.0,ID.MA.AM,97128.0,16-06-21,05:39:33,27,0.999,green
254,c9b27f1157a3939a2a848ff848c1c929d10b02a2,128.23075,-3.65214,7.0,ID.MA.AM,97212.0,16-06-21,05:39:38,1068,1.0,green
255,8f9fff80cf9f9df1f01675fbbbb843d7c6ccd5c3,128.293811,-3.619915,8.0,ID.MA.MT,97544.0,16-06-21,05:39:41,314,0.999,green
256,95f4772c31f979f8558ae9fb1b7a3868388e00ce,128.220479,-3.691964,2.0,ID.MA.AM,97128.0,16-06-21,05:39:43,27,1.0,green
257,6526d0591973f008b9ae4ca2f6b09aadd24f7f13,128.191898,-3.650275,11.0,ID.MA.AM,97222.0,16-06-21,05:39:45,3,0.999,green
258,c9b27f1157a3939a2a848ff848c1c929d10b02a2,128.230758,-3.652148,7.0,ID.MA.AM,97212.0,16-06-21,05:39:48,1068,1.0,green
259,c9b27f1157a3939a2a848ff848c1c929d10b02a2,128.230758,-3.652148,6.0,ID.MA.AM,97212.0,16-06-21,05:39:53,1068,0.999,green
260,13962a3b00c730a9d88733999278a05dacbb80cf,128.191813,-3.682178,12.0,ID.MA.AM,97128.0,16-06-21,05:39:53,165,1.0,green
261,2853decab5448d54c62d1f74fd4af88ba1d58a5a,128.17159,-3.70593,10.0,ID.MA.AM,97115.0,16-06-21,05:39:58,1003,0.999,green
262,c9b27f1157a3939a2a848ff848c1c929d10b02a2,128.230758,-3.652148,10.0,ID.MA.AM,97212.0,16-06-21,05:40:03,1068,1.0,green
263,8f9fff80cf9f9df1f01675fbbbb843d7c6ccd5c3,128.29381,-3.61992,8.0,ID.MA.MT,97544.0,16-06-21,05:40:16,314,0.999,green
264,1b621786b02b922fbc00d7e6a97a0b0c6dcbd149,128.23034,-3.6937,16.0,ID.MA.AM,97129.0,16-06-21,05:40:18,154,1.0,green
265,e791b4d21f275a4798523d1d1cf4bd677389989c,128.181398,-3.729729,13.0,ID.MA.AM,97116.0,16-06-21,05:40:19,161,0.999,green
266,8f9fff80cf9f9df1f01675fbbbb843d7c6ccd5c3,128.29382,-3.61991,8.0,ID.MA.MT,97544.0,16-06-21,05:40:26,314,1.0,green
267,1b621786b02b922fbc00d7e6a97a0b0c6dcbd149,128.230334,-3.693693,16.0,ID.MA.AM,97129.0,16-06-21,05:40:28,154,0.999,green
268,8f9fff80cf9f9df1f01675fbbbb843d7c6ccd5c3,128.293811,-3.619915,14.0,ID.MA.MT,97544.0,16-06-21,05:40:41,314,0.999,green
269,8f9fff80cf9f9df1f01675fbbbb843d7c6ccd5c3,128.293811,-3.619915,4.0,ID.MA.MT,97544.0,16-06-21,05:40:44,314,1.0,green
270,c30e1ad76614c344612bc834ad224cf56b78875a,127.96108,-3.65523,10.0,ID.MA.MT,97543.0,16-06-21,05:41:01,28,0.999,green
271,d846d0da07ac00528d4508bc16efd249b3efbea9,128.176168,-3.693693,6.0,ID.MA.AM,,16-06-21,05:41:07,104,0.999,green
272,13962a3b00c730a9d88733999278a05dacbb80cf,128.191813,-3.682178,27.0,ID.MA.AM,97128.0,16-06-21,05:41:15,165,0.999,green
273,68782410e7116736cdf70f085095d9ff11a474a4,128.178776,-3.711711,12.0,ID.MA.AM,97116.0,16-06-21,05:41:18,112,0.999,green
274,c9b27f1157a3939a2a848ff848c1c929d10b02a2,128.230758,-3.652148,15.0,ID.MA.AM,97212.0,16-06-21,05:41:26,1068,1.0,green
275,2853decab5448d54c62d1f74fd4af88ba1d58a5a,128.17159,-3.70593,11.0,ID.MA.AM,97115.0,16-06-21,05:41:30,1003,0.999,green
276,d846d0da07ac00528d4508bc16efd249b3efbea9,128.17616,-3.693693,12.0,ID.MA.AM,,16-06-21,05:41:33,104,1.0,green
277,c30e1ad76614c344612bc834ad224cf56b78875a,127.96107,-3.65524,10.0,ID.MA.MT,97543.0,16-06-21,05:41:52,28,0.999,green
278,c9b89d8bd1d666047e32108d1cef3c3e55085a68,128.970263,-3.297297,4.0,ID.MA.MT,97544.0,16-06-21,05:42:06,254,1.0,green
279,8f9fff80cf9f9df1f01675fbbbb843d7c6ccd5c3,128.293811,-3.619915,3.0,ID.MA.MT,97544.0,16-06-21,05:42:12,314,0.999,green
280,5c8215c42bf7e1218917e9be715bd012d6cdaccb,128.175264,-3.705839,5.0,ID.MA.AM,97116.0,16-06-21,05:42:36,24,1.0,green
281,8f9fff80cf9f9df1f01675fbbbb843d7c6ccd5c3,128.293811,-3.619915,6.0,ID.MA.MT,97544.0,16-06-21,05:42:45,314,1.0,green
282,8a702966b0866e67e5f78d79a2f2a2858a416e9f,128.19162,-3.67568,8.0,ID.MA.AM,97129.0,16-06-21,05:42:45,74,0.999,green
283,b30f953e62a7b40b84cb900e58c4f006b5b1cd27,128.078154,-3.075306,11.0,ID.MA.SB,97561.0,16-06-21,05:42:49,5,0.999,green
284,5def4c8e45cdd1028cc0838d929918e5a80ca2a2,129.507161,-2.81081,8.0,ID.MA.MT,97544.0,16-06-21,05:42:59,72,1.0,green
285,8f9fff80cf9f9df1f01675fbbbb843d7c6ccd5c3,128.293811,-3.619915,11.0,ID.MA.MT,97544.0,16-06-21,05:43:10,314,0.999,green
286,a08c190e891a361febc327f0b20a253aed88aa30,128.171803,-3.589586,20.0,ID.MA.MT,97543.0,16-06-21,05:43:15,2,1.0,green
287,d846d0da07ac00528d4508bc16efd249b3efbea9,128.176168,-3.693693,14.0,ID.MA.AM,,16-06-21,05:43:22,104,0.999,green
288,1b621786b02b922fbc00d7e6a97a0b0c6dcbd149,128.230334,-3.693693,10.0,ID.MA.AM,97129.0,16-06-21,05:43:26,154,1.0,green
289,ec3518ed3c5deeeef8c1349a18ae6c847876bfdc,128.19354,-3.64875,72.9,ID.MA.AM,97222.0,16-06-21,05:43:33,661,0.999,green
290,8f9fff80cf9f9df1f01675fbbbb843d7c6ccd5c3,128.293811,-3.619915,5.0,ID.MA.MT,97544.0,16-06-21,05:43:34,314,1.0,green
291,4071ae47db0cc743fa218c4f3578df4acb75e59e,128.96777,-3.299846,8.0,ID.MA.MT,97544.0,16-06-21,05:43:35,4,0.999,green
292,4071ae47db0cc743fa218c4f3578df4acb75e59e,128.967772,-3.299846,14.0,ID.MA.MT,97544.0,16-06-21,05:43:37,4,1.0,green
293,d846d0da07ac00528d4508bc16efd249b3efbea9,128.176168,-3.693693,13.0,ID.MA.AM,,16-06-21,05:43:41,104,0.999,green
294,d846d0da07ac00528d4508bc16efd249b3efbea9,128.176168,-3.693693,16.0,ID.MA.AM,,16-06-21,05:43:42,104,1.0,green
295,ec3518ed3c5deeeef8c1349a18ae6c847876bfdc,128.19353,-3.64876,72.9,ID.MA.AM,97222.0,16-06-21,05:43:44,661,0.999,green
296,8f9fff80cf9f9df1f01675fbbbb843d7c6ccd5c3,128.29381,-3.61992,7.0,ID.MA.MT,97544.0,16-06-21,05:43:51,314,1.0,green
297,6526d0591973f008b9ae4ca2f6b09aadd24f7f13,128.191898,-3.650275,9.0,ID.MA.AM,97222.0,16-06-21,05:44:23,3,1.0,green
298,8f9fff80cf9f9df1f01675fbbbb843d7c6ccd5c3,128.293811,-3.619915,4.0,ID.MA.MT,97544.0,16-06-21,05:44:26,314,0.999,green
299,8f9fff80cf9f9df1f01675fbbbb843d7c6ccd5c3,128.293811,-3.619915,10.0,ID.MA.MT,97544.0,16-06-21,05:44:34,314,1.0,green
300,d846d0da07ac00528d4508bc16efd249b3efbea9,128.176168,-3.693693,11.0,ID.MA.AM,,16-06-21,05:44:38,104,0.999,green
301,00fb4c3d8d96adb99701388779c978b1389efa17,128.16997,-3.709246,8.0,ID.MA.AM,97116.0,16-06-21,05:44:46,246,1.0,green
302,d846d0da07ac00528d4508bc16efd249b3efbea9,128.17616,-3.693693,15.0,ID.MA.AM,,16-06-21,05:44:57,104,0.999,green
303,8f9fff80cf9f9df1f01675fbbbb843d7c6ccd5c3,128.29382,-3.61991,13.0,ID.MA.MT,97544.0,16-06-21,05:45:17,314,1.0,green
304,8f9fff80cf9f9df1f01675fbbbb843d7c6ccd5c3,128.29381,-3.61992,13.0,ID.MA.MT,97544.0,16-06-21,05:45:27,314,0.999,green
305,11125c754287cd3370c204c0027f85ee248fe9b0,129.551391,-3.459459,6.0,ID.MA.MT,97544.0,16-06-21,05:45:38,23,1.0,green
306,8f9fff80cf9f9df1f01675fbbbb843d7c6ccd5c3,128.29381,-3.61992,14.0,ID.MA.MT,97544.0,16-06-21,05:45:47,314,0.999,green
307,5def4c8e45cdd1028cc0838d929918e5a80ca2a2,129.507161,-2.81081,14.0,ID.MA.MT,97544.0,16-06-21,05:45:49,72,1.0,green
308,8f9fff80cf9f9df1f01675fbbbb843d7c6ccd5c3,128.293811,-3.619915,10.0,ID.MA.MT,97544.0,16-06-21,05:46:09,314,0.999,green
309,46f8eb107fe92a742d6207a4e05a104df0151cfd,128.18688,-3.71143,9.0,ID.MA.AM,97129.0,16-06-21,05:46:17,15,0.999,green
310,6b6b2ace4618d5fa5ebe16a037301df9b5f69abb,129.790591,-2.907042,11.0,ID.MA.MT,97544.0,16-06-21,05:46:29,3,0.999,green
311,6b6b2ace4618d5fa5ebe16a037301df9b5f69abb,129.79059,-2.90706,9.0,ID.MA.MT,97544.0,16-06-21,05:46:38,3,1.0,green
312,6b6b2ace4618d5fa5ebe16a037301df9b5f69abb,129.79059,-2.90705,9.0,ID.MA.MT,97544.0,16-06-21,05:46:48,3,0.999,green
313,8f9fff80cf9f9df1f01675fbbbb843d7c6ccd5c3,128.293811,-3.619915,9.0,ID.MA.MT,97544.0,16-06-21,05:47:02,314,1.0,green
314,58a7cc28b3882603c0e1fb19d6a23e65b5d00f92,128.192256,-3.681716,4.0,ID.MA.AM,97128.0,16-06-21,05:47:18,300,0.999,green
315,2853decab5448d54c62d1f74fd4af88ba1d58a5a,128.17158,-3.70593,8.0,ID.MA.AM,97115.0,16-06-21,05:47:27,1003,0.999,green
316,8f9fff80cf9f9df1f01675fbbbb843d7c6ccd5c3,128.293811,-3.619915,3.0,ID.MA.MT,97544.0,16-06-21,05:47:55,314,1.0,green
317,536a90f46f893e72693f955403ce25415496c055,128.186473,-3.639639,12.0,ID.MA.AM,97223.0,16-06-21,05:48:05,154,0.999,green
318,2853decab5448d54c62d1f74fd4af88ba1d58a5a,128.171588,-3.705927,14.0,ID.MA.AM,97115.0,16-06-21,05:48:14,1003,1.0,green
319,43fed96d4ef4ac905ad462960e3e0b155a0569f4,128.2003,-3.68158,6.0,ID.MA.AM,97128.0,16-06-21,05:48:32,27,1.0,green
320,8f9fff80cf9f9df1f01675fbbbb843d7c6ccd5c3,128.293811,-3.619915,24.0,ID.MA.MT,97544.0,16-06-21,05:48:34,314,0.999,green
321,b7ad5c0ec6df0c2628340e78ffed4fcc87febe85,129.103672,-3.351351,8.0,ID.MA.MT,97544.0,16-06-21,05:48:40,72,1.0,green
322,5def4c8e45cdd1028cc0838d929918e5a80ca2a2,129.507161,-2.81081,23.0,ID.MA.MT,97544.0,16-06-21,05:48:50,72,0.999,green
323,11125c754287cd3370c204c0027f85ee248fe9b0,129.551391,-3.459459,8.0,ID.MA.MT,97544.0,16-06-21,05:48:54,23,1.0,green
324,f5265b8e58adb853693480014aa5d566cb22f2e6,128.1776,-3.6902,81.0,,,16-06-21,05:48:57,10,0.999,green
325,b1f96c8c787756ab599b96331223076c220d19a2,128.376105,-3.366805,6.0,ID.MA.SB,97566.0,16-06-21,05:48:58,1,1.0,green
326,11125c754287cd3370c204c0027f85ee248fe9b0,129.55139,-3.459459,3.0,ID.MA.MT,97544.0,16-06-21,05:49:01,23,0.999,green
327,8f9fff80cf9f9df1f01675fbbbb843d7c6ccd5c3,128.29381,-3.61992,9.0,ID.MA.MT,97544.0,16-06-21,05:49:08,314,1.0,green
328,d846d0da07ac00528d4508bc16efd249b3efbea9,128.176168,-3.693693,11.0,ID.MA.AM,,16-06-21,05:49:10,104,0.999,green
329,6d44d1ae899cf2b151d68b50486ac46367b5c8a1,128.21917,-3.68482,20.0,ID.MA.AM,97128.0,16-06-21,05:49:11,3,1.0,green
330,a8c0d3c1836454ab147c91b71a12dba2ac943c61,128.165635,-3.661329,9.0,ID.MA.AM,97224.0,16-06-21,05:49:12,1,0.999,green
331,46f8eb107fe92a742d6207a4e05a104df0151cfd,128.18688,-3.71143,14.0,ID.MA.AM,97129.0,16-06-21,05:49:15,15,1.0,green
332,46f8eb107fe92a742d6207a4e05a104df0151cfd,128.18688,-3.71144,14.0,ID.MA.AM,97129.0,16-06-21,05:49:20,15,0.999,green
333,6d44d1ae899cf2b151d68b50486ac46367b5c8a1,128.21917,-3.68481,20.0,ID.MA.AM,97128.0,16-06-21,05:49:22,3,1.0,green
334,5e90b45c457e88201079aec9dc5b0ef527894c17,128.18734,-3.71082,7.0,ID.MA.AM,97129.0,16-06-21,05:49:50,1,0.999,green
335,8f9fff80cf9f9df1f01675fbbbb843d7c6ccd5c3,128.29382,-3.61993,9.0,ID.MA.MT,97544.0,16-06-21,05:49:58,314,1.0,green
336,8f9fff80cf9f9df1f01675fbbbb843d7c6ccd5c3,128.29381,-3.61992,16.0,ID.MA.MT,97544.0,16-06-21,05:50:05,314,0.999,green
337,8f9fff80cf9f9df1f01675fbbbb843d7c6ccd5c3,128.29381,-3.61992,10.0,ID.MA.MT,97544.0,16-06-21,05:50:12,314,1.0,green
338,8f9fff80cf9f9df1f01675fbbbb843d7c6ccd5c3,128.29382,-3.61991,10.0,ID.MA.MT,97544.0,16-06-21,05:50:21,314,0.999,green
339,8f9fff80cf9f9df1f01675fbbbb843d7c6ccd5c3,128.29381,-3.61992,8.0,ID.MA.MT,97544.0,16-06-21,05:50:31,314,0.999,green
340,8f9fff80cf9f9df1f01675fbbbb843d7c6ccd5c3,128.29381,-3.61992,8.0,ID.MA.MT,97544.0,16-06-21,05:50:37,314,1.0,green
341,8f9fff80cf9f9df1f01675fbbbb843d7c6ccd5c3,128.293811,-3.619915,8.0,ID.MA.MT,97544.0,16-06-21,05:50:54,314,0.999,green
342,614ea78d230b70e4898834c26e472b2bfedee6e4,128.19684,-3.711711,8.0,ID.MA.AM,97129.0,16-06-21,05:50:56,130,1.0,green
343,c9b89d8bd1d666047e32108d1cef3c3e55085a68,128.970263,-3.297297,5.0,ID.MA.MT,97544.0,16-06-21,05:51:07,254,0.999,green
344,8f9fff80cf9f9df1f01675fbbbb843d7c6ccd5c3,128.293811,-3.619915,8.0,ID.MA.MT,97544.0,16-06-21,05:51:42,314,0.999,green
345,5def4c8e45cdd1028cc0838d929918e5a80ca2a2,129.507161,-2.81081,9.0,ID.MA.MT,97544.0,16-06-21,05:51:50,72,1.0,green
346,486508a2ed745b832584da3b18c77a2540fb51e3,128.216538,-3.632136,12.0,ID.MA.AM,97217.0,16-06-21,05:51:55,133,0.999,green
347,486508a2ed745b832584da3b18c77a2540fb51e3,128.216538,-3.632136,20.0,ID.MA.AM,97217.0,16-06-21,05:52:00,133,1.0,green
348,11125c754287cd3370c204c0027f85ee248fe9b0,129.551391,-3.459459,7.0,ID.MA.MT,97544.0,16-06-21,05:52:36,23,1.0,green
349,d9198ea601dc1adc97549da71f389c65e0eaa70a,128.175396,-3.697551,6.0,ID.MA.AM,97111.0,16-06-21,05:52:57,156,1.0,green
350,75b2247f5e857552e4803211232d9017cc83719f,128.358506,-3.337782,8.0,ID.MA.SB,97566.0,16-06-21,05:53:12,27,1.0,green
351,75b2247f5e857552e4803211232d9017cc83719f,128.3585,-3.33778,8.0,ID.MA.SB,97566.0,16-06-21,05:53:21,27,0.999,green
352,d9198ea601dc1adc97549da71f389c65e0eaa70a,128.175396,-3.697551,7.0,ID.MA.AM,97111.0,16-06-21,05:53:27,156,1.0,green
353,ec3518ed3c5deeeef8c1349a18ae6c847876bfdc,128.19345,-3.64885,87.6,ID.MA.AM,97222.0,16-06-21,05:53:30,661,1.0,green
354,d846d0da07ac00528d4508bc16efd249b3efbea9,128.176168,-3.693693,5.0,ID.MA.AM,,16-06-21,05:53:31,104,0.999,green
355,ec3518ed3c5deeeef8c1349a18ae6c847876bfdc,128.19345,-3.64886,87.6,ID.MA.AM,97222.0,16-06-21,05:53:45,661,1.0,green
356,c9b89d8bd1d666047e32108d1cef3c3e55085a68,128.970263,-3.297297,24.0,ID.MA.MT,97544.0,16-06-21,05:54:06,254,0.999,green
357,8f9fff80cf9f9df1f01675fbbbb843d7c6ccd5c3,128.293811,-3.619915,13.0,ID.MA.MT,97544.0,16-06-21,05:54:21,314,1.0,green
358,d846d0da07ac00528d4508bc16efd249b3efbea9,128.176168,-3.693693,5.0,ID.MA.AM,,16-06-21,05:54:26,104,0.999,green
359,614ea78d230b70e4898834c26e472b2bfedee6e4,128.196832,-3.711711,11.0,ID.MA.AM,97129.0,16-06-21,05:54:30,130,1.0,green
360,d846d0da07ac00528d4508bc16efd249b3efbea9,128.17615,-3.6937,9.0,ID.MA.AM,,16-06-21,05:54:30,104,0.999,green
361,8f9fff80cf9f9df1f01675fbbbb843d7c6ccd5c3,128.293811,-3.619915,5.0,ID.MA.MT,97544.0,16-06-21,05:54:34,314,1.0,green
362,d846d0da07ac00528d4508bc16efd249b3efbea9,128.176168,-3.693693,9.0,ID.MA.AM,,16-06-21,05:54:45,104,0.999,green
363,c06e5927d78f20fb5c3729fcc9c437a34b81326d,128.230334,-3.693693,12.0,ID.MA.AM,97129.0,16-06-21,05:54:57,25,1.0,green
364,b7467e52eb4661b55c88188ae1671cc5818e5496,128.24322,-3.65767,10.0,ID.MA.AM,97212.0,16-06-21,05:55:10,4,0.999,green
365,b7467e52eb4661b55c88188ae1671cc5818e5496,128.2432,-3.65766,13.0,ID.MA.AM,97212.0,16-06-21,05:55:19,4,1.0,green
366,d846d0da07ac00528d4508bc16efd249b3efbea9,128.176168,-3.693693,5.0,ID.MA.AM,,16-06-21,05:55:20,104,0.999,green
367,8f9fff80cf9f9df1f01675fbbbb843d7c6ccd5c3,128.293811,-3.619915,11.0,ID.MA.MT,97544.0,16-06-21,05:55:21,314,1.0,green
368,b7467e52eb4661b55c88188ae1671cc5818e5496,128.2432,-3.65766,10.0,ID.MA.AM,97212.0,16-06-21,05:55:25,4,0.999,green
369,8f9fff80cf9f9df1f01675fbbbb843d7c6ccd5c3,128.293691,-3.619841,7.0,ID.MA.MT,97544.0,16-06-21,05:55:34,314,0.999,green
370,11125c754287cd3370c204c0027f85ee248fe9b0,129.551391,-3.459459,10.0,ID.MA.MT,97544.0,16-06-21,05:55:36,23,0.999,green
371,2853decab5448d54c62d1f74fd4af88ba1d58a5a,128.171585,-3.705927,16.0,ID.MA.AM,97115.0,16-06-21,05:55:39,1003,1.0,green
372,4071ae47db0cc743fa218c4f3578df4acb75e59e,128.967772,-3.299846,11.0,ID.MA.MT,97544.0,16-06-21,05:55:57,4,1.0,green
373,5d7b875d3651462dddf4e9a8091278bfe0ea9ef7,128.177597,-3.6902,9.0,,,16-06-21,05:56:04,2,0.999,green
374,15b2ad170a728427d7934448d8f7d375d917f090,128.48187,-3.520146,8.0,ID.MA.MT,97545.0,16-06-21,05:56:07,264,1.0,green
375,d846d0da07ac00528d4508bc16efd249b3efbea9,128.17615,-3.6937,7.0,ID.MA.AM,,16-06-21,05:56:09,104,0.999,green
376,8f9fff80cf9f9df1f01675fbbbb843d7c6ccd5c3,128.29369,-3.61985,10.0,ID.MA.MT,97544.0,16-06-21,05:56:11,314,1.0,green
377,8f9fff80cf9f9df1f01675fbbbb843d7c6ccd5c3,128.29369,-3.61986,20.0,ID.MA.MT,97544.0,16-06-21,05:56:14,314,0.999,green
378,8f9fff80cf9f9df1f01675fbbbb843d7c6ccd5c3,128.29369,-3.61984,10.0,ID.MA.MT,97544.0,16-06-21,05:56:22,314,1.0,green
379,8f9fff80cf9f9df1f01675fbbbb843d7c6ccd5c3,128.293691,-3.619841,6.0,ID.MA.MT,97544.0,16-06-21,05:56:23,314,0.999,green
380,cc799df4319f433800894d6b5cd7d57137451a7a,128.79005,-3.6937,6.0,ID.MA.MT,,16-06-21,05:56:37,334,1.0,green
381,8f9fff80cf9f9df1f01675fbbbb843d7c6ccd5c3,128.293691,-3.619841,5.0,ID.MA.MT,97544.0,16-06-21,05:56:41,314,0.999,green
382,cc799df4319f433800894d6b5cd7d57137451a7a,128.79006,-3.6937,6.0,ID.MA.MT,,16-06-21,05:56:47,334,0.999,green
383,d846d0da07ac00528d4508bc16efd249b3efbea9,128.176168,-3.693693,7.0,ID.MA.AM,,16-06-21,05:56:59,104,1.0,green
384,15b2ad170a728427d7934448d8f7d375d917f090,128.48187,-3.520146,19.0,ID.MA.MT,97545.0,16-06-21,05:56:59,264,0.999,green
385,7b2d2093bbb7fa9927a35e44ee094bc493b9225b,128.76445,-3.680778,10.0,ID.MA.MT,97547.0,16-06-21,05:57:11,1,0.999,green
386,c9b89d8bd1d666047e32108d1cef3c3e55085a68,128.970263,-3.297297,4.0,ID.MA.MT,97544.0,16-06-21,05:57:26,254,1.0,green
387,8f9fff80cf9f9df1f01675fbbbb843d7c6ccd5c3,128.29369,-3.61984,9.0,ID.MA.MT,97544.0,16-06-21,05:57:33,314,0.999,green
388,e7f02099957e680cbe32fa2462a00c6f4600c24f,128.19422,-3.6937,8.0,ID.MA.AM,97121.0,16-06-21,05:57:39,65,1.0,green
389,8f9fff80cf9f9df1f01675fbbbb843d7c6ccd5c3,128.29369,-3.61985,9.0,ID.MA.MT,97544.0,16-06-21,05:57:44,314,0.999,green
390,eafe2f9021597920db797dee09ee2a505d0856dd,128.189044,-3.657657,6.0,ID.MA.AM,97223.0,16-06-21,05:57:48,2609,1.0,green
391,8f9fff80cf9f9df1f01675fbbbb843d7c6ccd5c3,128.293691,-3.619841,8.0,ID.MA.MT,97544.0,16-06-21,05:57:57,314,0.999,green
392,d846d0da07ac00528d4508bc16efd249b3efbea9,128.176168,-3.693693,21.0,ID.MA.AM,,16-06-21,05:58:10,104,1.0,green
393,68b1abd7c94ec9310683a8dea28b327a52cea7ce,128.194223,-3.693693,18.0,ID.MA.AM,97121.0,16-06-21,05:58:14,16,0.999,green
394,812aca88203ed1a02bc5555e6c24622732e56ff8,128.176168,-3.693693,4.0,ID.MA.AM,,16-06-21,05:58:26,41,0.999,green
395,79679bc4a1d3a388fb7926946188a60c40562bdc,128.235733,-3.628097,11.0,ID.MA.AM,97216.0,16-06-21,05:58:31,241,1.0,green
396,8f9fff80cf9f9df1f01675fbbbb843d7c6ccd5c3,128.29369,-3.61985,10.0,ID.MA.MT,97544.0,16-06-21,05:58:34,314,0.999,green
397,8742826ef7a381777ae62baea91889d279852333,128.852928,-3.220463,6.0,ID.MA.MT,97544.0,16-06-21,05:58:48,1,1.0,green
398,346eba4d5c0dc1fca5e78afe97395c236f11be49,128.206408,-3.67578,9.0,ID.MA.AM,97128.0,16-06-21,05:58:50,241,0.999,green
399,8f9fff80cf9f9df1f01675fbbbb843d7c6ccd5c3,128.293691,-3.619841,8.0,ID.MA.MT,97544.0,16-06-21,05:59:22,314,1.0,green
400,24964efa8f21d6972ceb0929d4b50cd21b96ed15,128.228915,-3.652588,9.0,ID.MA.AM,97212.0,16-06-21,05:59:24,3,0.999,green
401,8f9fff80cf9f9df1f01675fbbbb843d7c6ccd5c3,128.29369,-3.61985,10.0,ID.MA.MT,97544.0,16-06-21,05:59:48,314,0.999,green
402,a4fe8025afb0fea75c6c3788928e2a6e546de02f,128.212279,-3.693693,7.0,ID.MA.AM,97129.0,16-06-21,05:59:52,183,1.0,green
403,8f9fff80cf9f9df1f01675fbbbb843d7c6ccd5c3,128.293691,-3.619841,10.0,ID.MA.MT,97544.0,16-06-21,05:59:56,314,0.999,green
404,8e1d595fd7503a2ca766e06a71a13c9ad4ac43ba,128.971183,-3.286909,10.0,ID.MA.MT,97544.0,16-06-21,06:00:00,8,1.0,green
